[
  {
    "guardianName": "Test User",
    "guardianPhone": "0000000000",
    "studentName": "Hassan Umar Abubaker",
    "studentType": "Old",
    "totalFeesBalance": 620,
    "dueDate": "30/10/2025",
    "invoiceNumber": "CEC-INV--0001",
    "timestamp": "2025-10-29T16:00:29.211Z"
  },
  {
    "guardianName": "Test User",
    "guardianPhone": "0000000000",
    "studentName": "Hassan Umar Abubaker",
    "studentType": "Old",
    "totalFeesBalance": 620,
    "dueDate": "30/10/2025",
    "invoiceNumber": "CEC-INV--0002",
    "timestamp": "2025-10-29T16:02:31.915Z"
  },
  {
    "guardianName": "Test User",
    "guardianPhone": "0000000000",
    "relationship": "Guardian",
    "studentName": "Malik Nasal Abdul",
    "class": "BS 4",
    "totalFeesBalance": 720,
    "dueDate": "30/10/2025",
    "invoiceNumber": "CEC-INV--0003",
    "timestamp": "2025-10-29T16:13:07.487Z"
  },
  {
    "guardianName": "Test User",
    "guardianPhone": "0000000000",
    "relationship": "Mother",
    "studentName": "Adutwum Osei Roland",
    "class": "Nursery 2",
    "totalFeesBalance": 0,
    "dueDate": "30/10/2025",
    "invoiceNumber": "CEC-INV--0004",
    "timestamp": "2025-10-29T16:14:09.837Z"
  },
  {
    "guardianName": "Test User",
    "guardianPhone": "0000000000",
    "relationship": "Mother",
    "studentName": "Jeffery Frimpong",
    "class": "BS 5",
    "totalFeesBalance": 570,
    "dueDate": "30/10/2025",
    "invoiceNumber": "CEC-INV--0005",
    "timestamp": "2025-10-29T16:19:52.056Z"
  },
  {
    "guardianName": "Test User",
    "guardianPhone": "0000000000",
    "relationship": "Father",
    "studentName": "Edward Badu Poku Ahekan",
    "class": "Creche",
    "totalFeesBalance": 250,
    "dueDate": "30/10/2025",
    "invoiceNumber": "CEC-INV--0006",
    "timestamp": "2025-10-29T16:20:31.840Z"
  },
  {
    "guardianName": "Test User",
    "guardianPhone": "0000000000",
    "relationship": "Mother",
    "studentName": "Edward Badu Poku Ahekan",
    "class": "Creche",
    "totalFeesBalance": 250,
    "dueDate": "30/10/2025",
    "invoiceNumber": "CEC-INV--0007",
    "timestamp": "2025-10-29T16:23:36.674Z"
  },
  {
    "guardianName": "Test User",
    "guardianPhone": "0000000000",
    "relationship": "Father",
    "studentName": "Daniella Akaa  Ayeboafo Larty",
    "class": "Nursery 1",
    "totalFeesBalance": 400,
    "dueDate": "30/10/2025",
    "invoiceNumber": "CEC-INV--0008",
    "timestamp": "2025-10-29T16:24:33.099Z"
  },
  {
    "guardianName": "Test User",
    "guardianPhone": "0000000000",
    "relationship": "Mother",
    "studentName": "Micheal Nsiah",
    "class": "BS 3",
    "totalFeesBalance": 750,
    "dueDate": "31 Oct. 2025",
    "invoiceNumber": "CEC-INV--0009",
    "timestamp": "2025-10-29T16:25:54.435Z"
  },
  {
    "guardianName": "Test User",
    "guardianPhone": "0000000000",
    "relationship": "Father",
    "studentName": "Mabel Adom Frimpong",
    "class": "Nursery 2",
    "totalFeesBalance": 400,
    "dueDate": "31 Oct. 2025",
    "invoiceNumber": "CEC-INV--0010",
    "timestamp": "2025-10-29T16:27:05.949Z"
  },
  {
    "guardianName": "Test User",
    "guardianPhone": "0000000000",
    "relationship": "Mother",
    "studentName": "Tracey Tiffary Afia Boateng",
    "class": "Nursery 2",
    "totalFeesBalance": 900,
    "dueDate": "31 Oct. 2025",
    "invoiceNumber": "CEC-INV--0011",
    "timestamp": "2025-10-29T16:28:21.579Z"
  },
  {
    "guardianName": "Test User",
    "guardianPhone": "0000000000",
    "relationship": "Mother",
    "studentName": "Miracle Kusi Acheampong",
    "class": "BS 3",
    "totalFeesBalance": 600,
    "dueDate": "31 Oct. 2025",
    "invoiceNumber": "CEC-INV--0012",
    "timestamp": "2025-10-29T16:37:00.392Z"
  },
  {
    "guardianName": "Test User",
    "guardianPhone": "0000000000",
    "relationship": "Mother",
    "studentName": "Boateng Owusu Philip",
    "class": "KG 2",
    "totalFeesBalance": 620,
    "dueDate": "31 Oct. 2025",
    "invoiceNumber": "CEC-INV--0013",
    "timestamp": "2025-10-29T16:43:45.904Z"
  },
  {
    "guardianName": "Test User",
    "guardianPhone": "0000000000",
    "relationship": "Father",
    "studentName": "Mary Pomaa Adjei",
    "class": "BS 4",
    "totalFeesBalance": 1320,
    "dueDate": "31 Oct. 2025",
    "invoiceNumber": "CEC-INV--0014",
    "timestamp": "2025-10-29T16:52:06.494Z"
  },
  {
    "guardianName": "Test User",
    "guardianPhone": "0000000000",
    "relationship": "Guardian",
    "studentName": "Linda L. Y. Acheampong",
    "class": "BS 5",
    "totalFeesBalance": 500,
    "dueDate": "31 Oct. 2025",
    "invoiceNumber": "CEC-INV--0015",
    "timestamp": "2025-10-29T17:28:23.157Z"
  },
  {
    "guardianName": "Test User",
    "guardianPhone": "0000000000",
    "relationship": "Mother",
    "studentName": "Miracle Kusi Acheampong",
    "class": "BS 3",
    "totalFeesBalance": 600,
    "dueDate": "31 Oct. 2025",
    "invoiceNumber": "CEC-INV--0016",
    "timestamp": "2025-10-29T23:46:30.460Z"
  },
  {
    "guardianName": "Classes Fee",
    "guardianPhone": "0536282694",
    "relationship": "Mother",
    "studentName": "Harry Opoku Adjei",
    "class": "BS 5",
    "totalFeesBalance": 0,
    "dueDate": "31 Oct. 2025",
    "invoiceNumber": "CEC-INV--0017",
    "timestamp": "2025-10-30T22:52:37.077Z"
  },
  {
    "guardianName": "Teacher",
    "guardianPhone": "0536282694",
    "relationship": "Mother",
    "studentName": "Anastasiah Owusu Mensah",
    "class": "BS 2",
    "totalFeesBalance": 750,
    "dueDate": "31 Oct. 2025",
    "invoiceNumber": "CEC-INV--0018",
    "timestamp": "2025-11-02T20:21:49.426Z"
  },
  {
    "guardianName": "New DAD",
    "guardianPhone": "0536282694",
    "relationship": "Sibling",
    "studentName": "Ahetor Dela Melroy",
    "class": "Nursery 2",
    "totalFeesBalance": 0,
    "dueDate": "31 Oct. 2025",
    "invoiceNumber": "CEC-INV--0019",
    "timestamp": "2025-11-02T20:58:24.693Z"
  },
  {
    "guardianName": "School Fees",
    "guardianPhone": "0536282694",
    "relationship": "Mother",
    "studentName": "Ampong Owoahene Acheampong",
    "class": "Nursery 2",
    "totalFeesBalance": 500,
    "dueDate": "31 Oct. 2025",
    "invoiceNumber": "CEC-INV--0020",
    "timestamp": "2025-11-02T21:01:48.236Z"
  },
  {
    "guardianName": "Teacher",
    "guardianPhone": "0536282694",
    "relationship": "Father",
    "studentName": "Almeyaw Salisu Suleman",
    "class": "Creche",
    "totalFeesBalance": 0,
    "dueDate": "31 Oct. 2025",
    "invoiceNumber": "CEC-INV--0021",
    "timestamp": "2025-11-02T21:11:52.419Z"
  },
  {
    "guardianName": "School Fees",
    "guardianPhone": "0536282694",
    "relationship": "Mother",
    "studentName": "Malik Nasal Abdul",
    "class": "BS 4",
    "totalFeesBalance": 720,
    "dueDate": "31 Oct. 2025",
    "invoiceNumber": "CEC-INV--0022",
    "timestamp": "2025-11-02T22:01:54.829Z"
  },
  {
    "guardianName": "Classes Fee",
    "guardianPhone": "0536282694",
    "relationship": "Mother",
    "studentName": "Acheampong Stephidela",
    "class": "KG 1",
    "totalFeesBalance": 820,
    "dueDate": "31 Oct. 2025",
    "invoiceNumber": "CEC-INV--0023",
    "timestamp": "2025-11-02T22:05:21.982Z"
  },
  {
    "guardianName": "Payment Reminder",
    "guardianPhone": "0536282694",
    "relationship": "Mother",
    "studentName": "Achiaa Mintah Elsie",
    "class": "KG 1",
    "totalFeesBalance": 320,
    "dueDate": "31 Oct. 2025",
    "invoiceNumber": "CEC-INV--0024",
    "timestamp": "2025-11-02T22:24:37.977Z"
  },
  {
    "guardianName": "Classes Fee",
    "guardianPhone": "0536282694",
    "relationship": "Mother",
    "studentName": "Christabel Owusu",
    "class": "BS 2",
    "totalFeesBalance": 230,
    "dueDate": "31 Oct. 2025",
    "invoiceNumber": "CEC-INV--0025",
    "timestamp": "2025-11-02T22:34:04.148Z"
  },
  {
    "guardianName": "Teacher",
    "guardianPhone": "0536282694",
    "relationship": "Father",
    "studentName": "Mary Pomaa Adjei",
    "class": "BS 4",
    "totalFeesBalance": 1320,
    "dueDate": "31 Oct. 2025",
    "invoiceNumber": "CEC-INV--0026",
    "timestamp": "2025-11-02T22:54:23.093Z"
  },
  {
    "guardianName": "Teacher",
    "guardianPhone": "0536282694",
    "relationship": "Mother",
    "studentName": "Diamond Abena Pinamang Gyamfi",
    "class": "Nursery 2",
    "totalFeesBalance": 300,
    "dueDate": "31 Oct. 2025",
    "invoiceNumber": "CEC-INV--0027",
    "timestamp": "2025-11-03T11:31:28.023Z"
  },
  {
    "guardianName": "Joe Benner",
    "guardianPhone": "0536282694",
    "relationship": "Father",
    "studentName": "Leonard Abeka",
    "class": "Creche",
    "totalFeesBalance": 800,
    "dueDate": "31 Oct. 2025",
    "invoiceNumber": "CEC-INV--0028",
    "timestamp": "2025-11-03T22:44:52.701Z"
  },
  {
    "guardianName": "Joe Benner",
    "guardianPhone": "0536282694",
    "relationship": "Mother",
    "studentName": "Boateng Owusu Philip",
    "class": "KG 2",
    "totalFeesBalance": 620,
    "dueDate": "31 Oct. 2025",
    "invoiceNumber": "CEC-INV--0029",
    "timestamp": "2025-11-03T22:46:20.214Z"
  },
  {
    "guardianName": "Joe Benner",
    "guardianPhone": "0536282694",
    "relationship": "Father",
    "studentName": "Boateng Owusu Philip",
    "class": "KG 2",
    "totalFeesBalance": 620,
    "dueDate": "31 Oct. 2025",
    "invoiceNumber": "CEC-INV--0030",
    "timestamp": "2025-11-03T22:56:10.849Z"
  },
  {
    "guardianName": "Joe Benner",
    "guardianPhone": "0536282694",
    "relationship": "Father",
    "studentName": "Alexander Akwasi Nyamekye",
    "class": "KG 2",
    "totalFeesBalance": 400,
    "dueDate": "31 Oct. 2025",
    "invoiceNumber": "CEC-INV--0031",
    "timestamp": "2025-11-03T23:02:27.808Z"
  },
  {
    "guardianName": "Joe Benner",
    "guardianPhone": "0536282694",
    "relationship": "Mother",
    "studentName": "Bennett Manu",
    "class": "Nursery 1",
    "totalFeesBalance": 400,
    "dueDate": "31 Oct. 2025",
    "invoiceNumber": "CEC-INV--0034",
    "timestamp": "2025-11-03T23:40:26.607Z"
  },
  {
    "guardianName": "Joe Benner",
    "guardianPhone": "0536282694",
    "relationship": "Mother",
    "studentName": "Davina  Mensah ",
    "class": "BS 1",
    "totalFeesBalance": 0,
    "dueDate": "31 Oct. 2025",
    "invoiceNumber": "CEC-INV--0035",
    "timestamp": "2025-11-03T23:53:12.821Z"
  },
  {
    "guardianName": "Joe Benner",
    "guardianPhone": "0536282694",
    "relationship": "Guardian",
    "studentName": "Achiaa Mintah Elsie",
    "class": "KG 1",
    "totalFeesBalance": 320,
    "dueDate": "31 Oct. 2025",
    "invoiceNumber": "CEC-INV--0036",
    "timestamp": "2025-11-04T00:04:52.306Z"
  },
  {
    "guardianName": "Joe Benner",
    "guardianPhone": "0536282694",
    "relationship": "Father",
    "studentName": "Samuel Asiedu Kuffour",
    "class": "BS 3",
    "totalFeesBalance": 450,
    "dueDate": "31 Oct. 2025",
    "invoiceNumber": "CEC-INV--0037",
    "timestamp": "2025-11-04T01:20:30.767Z"
  },
  {
    "guardianName": "Joe Benner",
    "guardianPhone": "0536282694",
    "relationship": "Father",
    "studentName": "Achiaa Mintah Elsie",
    "class": "KG 1",
    "totalFeesBalance": 320,
    "dueDate": "31 Oct. 2025",
    "invoiceNumber": "CEC-INV--0038",
    "timestamp": "2025-11-04T01:30:10.036Z"
  },
  {
    "guardianName": "Joe Benner",
    "guardianPhone": "0536282694",
    "relationship": "Father",
    "studentName": "Miracle Kusi Acheampong",
    "class": "BS 3",
    "totalFeesBalance": 600,
    "dueDate": "31 Oct. 2025",
    "invoiceNumber": "CEC-INV--0039",
    "timestamp": "2025-11-04T01:38:23.259Z"
  },
  {
    "guardianName": "Joe Benner",
    "guardianPhone": "0536282694",
    "relationship": "Father",
    "studentName": "Boateng Owusu Philip",
    "class": "KG 2",
    "totalFeesBalance": 620,
    "dueDate": "31 Oct. 2025",
    "invoiceNumber": "CEC-INV--0040",
    "timestamp": "2025-11-04T06:27:02.289Z"
  },
  {
    "guardianName": "Joe Benner",
    "guardianPhone": "0536282694",
    "relationship": "Father",
    "studentName": "Benjamin Animg Amankwaah",
    "class": "KG 2",
    "totalFeesBalance": 870,
    "dueDate": "7 Nov. 2025",
    "invoiceNumber": "CEC-INV--0041",
    "timestamp": "2025-11-04T06:46:39.582Z"
  },
  {
    "guardianName": "Joe Benner",
    "guardianPhone": "0536282694",
    "relationship": "Father",
    "studentName": "Boateng Owusu Philip",
    "class": "KG 2",
    "totalFeesBalance": 620,
    "dueDate": "7 Nov. 2025",
    "invoiceNumber": "CEC-INV--0042",
    "timestamp": "2025-11-04T06:54:22.077Z"
  }
]