[
  {
    "id": "b8eff329-701d-4e99-92bd-c1d3707dd7df",
    "amount": 700,
    "description": "Fee for Fuastina",
    "reference": "cf-fee-05afbcd5",
    "status": "PENDING",
    "createdAt": "2025-11-03T12:15:32.406Z",
    "updatedAt": "2025-11-03T12:15:32.406Z"
  },
  {
    "id": "2f8056e0-baa0-4f16-be06-a21097b5aa84",
    "amount": 700,
    "description": "Fee for Fuastina",
    "reference": "cf-fee-d05ce2d8",
    "status": "PAID",
    "createdAt": "2025-11-03T12:16:04.337Z",
    "updatedAt": "2025-11-03T12:17:54.699Z"
  },
  {
    "id": "179a096c-3560-4551-bcda-ba1ee06fb73a",
    "amount": 250,
    "description": "Fee for Edward Badu Poku Ahekan",
    "reference": "cf-fee-f5ae33e0",
    "status": "PENDING",
    "createdAt": "2025-11-03T12:20:03.284Z",
    "updatedAt": "2025-11-03T12:20:03.284Z"
  },
  {
    "id": "97003c6f-7db9-41c7-a723-8a7d6961726e",
    "amount": 251.88,
    "description": "Fee for Edward Badu Poku Ahekan",
    "reference": "cf-fee-75056365",
    "status": "PENDING",
    "createdAt": "2025-11-03T12:25:47.890Z",
    "updatedAt": "2025-11-03T12:25:47.890Z"
  },
  {
    "id": "87bd2833-d46a-48ac-a773-b6ed2f442f33",
    "amount": 252.5,
    "description": "Fee for Edward Badu Poku Ahekan",
    "reference": "cf-fee-e6ac0104",
    "status": "PENDING",
    "createdAt": "2025-11-03T12:37:04.271Z",
    "updatedAt": "2025-11-03T12:37:04.271Z"
  },
  {
    "id": "0e5c001d-4310-40bd-85fd-0d3805c14fe6",
    "amount": 252.5,
    "description": "Fee for Edward Badu Poku Ahekan",
    "reference": "cf-fee-6f8979c6",
    "status": "PENDING",
    "createdAt": "2025-11-03T12:37:29.030Z",
    "updatedAt": "2025-11-03T12:37:29.030Z"
  },
  {
    "id": "98178144-d902-4f32-9fac-a25fe2e4195a",
    "amount": 252.5,
    "description": "Fee for Edward Badu Poku Ahekan",
    "reference": "cf-fee-c86b94ad",
    "status": "PENDING",
    "createdAt": "2025-11-03T12:43:22.980Z",
    "updatedAt": "2025-11-03T12:43:22.980Z"
  },
  {
    "id": "2b1bb9fe-695a-4968-bb12-9e51e5b9a32c",
    "amount": 151.5,
    "description": "Paying the fee for Fee for Agnes Osei Bonsu",
    "reference": "cf-fee-1ecc5cb3",
    "status": "PENDING",
    "createdAt": "2025-11-03T19:50:53.943Z",
    "updatedAt": "2025-11-03T19:50:53.943Z"
  },
  {
    "id": "79193463-893c-4d3d-a560-eb0238071c8f",
    "amount": 151.5,
    "description": "Paying the fee for Fee for Agnes Osei Bonsu",
    "reference": "cf-fee-eda2abf4",
    "status": "PENDING",
    "createdAt": "2025-11-03T19:51:13.614Z",
    "updatedAt": "2025-11-03T19:51:13.614Z"
  },
  {
    "id": "61982d8a-8ef0-4ec6-a1cc-90ba24565508",
    "amount": 151.5,
    "description": "Paying the fee for Fee for Agnes Osei Bonsu",
    "reference": "AGNES-CLS",
    "status": "PENDING",
    "createdAt": "2025-11-03T20:07:29.453Z",
    "updatedAt": "2025-11-03T20:07:29.453Z"
  },
  {
    "id": "59a8170e-607f-4573-a230-91627490eb6d",
    "amount": 151.5,
    "description": "Paying the fee for Fee for Agnes Osei Bonsu",
    "reference": "AGNES-NURSERY1",
    "status": "PENDING",
    "createdAt": "2025-11-03T20:13:41.280Z",
    "updatedAt": "2025-11-03T20:13:41.280Z"
  },
  {
    "id": "f264eb21-a315-4038-84b6-52707b8a419d",
    "amount": 151.5,
    "description": "Paying the fee for Fee for Agnes Osei Bonsu",
    "reference": "AGNES-NURSERY1",
    "status": "PENDING",
    "createdAt": "2025-11-03T20:27:28.071Z",
    "updatedAt": "2025-11-03T20:27:28.071Z"
  },
  {
    "id": "a3a13a61-a1af-465e-bc2c-6031b98b11ec",
    "amount": 151.5,
    "description": "Paying the fee for Fee for Agnes Osei Bonsu",
    "reference": "AGNES-NURSERY1",
    "status": "PENDING",
    "createdAt": "2025-11-03T20:40:25.319Z",
    "updatedAt": "2025-11-03T20:40:25.319Z"
  },
  {
    "id": "7bc7b1a9-9b47-4a67-a686-af0f15d6d533",
    "amount": 151.5,
    "description": "Paying the fee for Fee for Agnes Osei Bonsu",
    "reference": "AGNES-NURSERY1",
    "status": "PENDING",
    "createdAt": "2025-11-03T20:40:55.414Z",
    "updatedAt": "2025-11-03T20:40:55.414Z"
  },
  {
    "id": "23a78e9f-1870-4e9b-826a-26e960890b84",
    "amount": 151.5,
    "description": "Paying the fee for Fee for Agnes Osei Bonsu",
    "reference": "AGNES-NURSERY1",
    "status": "PENDING",
    "createdAt": "2025-11-03T20:49:10.987Z",
    "updatedAt": "2025-11-03T20:49:10.988Z"
  },
  {
    "id": "7c04048c-f614-4202-944d-9c40fc33554d",
    "amount": 151.5,
    "description": "Paying the fee for Fee for Agnes Osei Bonsu",
    "reference": "AGNES-NURSERY1",
    "status": "PAID",
    "createdAt": "2025-11-03T21:10:08.503Z",
    "updatedAt": "2025-11-03T21:11:41.739Z"
  },
  {
    "id": "8582005f-8ddc-459e-8da6-5f2fe544d86f",
    "amount": 151.5,
    "description": "Paying the fee for Fee for Agnes Osei Bonsu",
    "reference": "AGNES-NURSERY1",
    "status": "PAID",
    "createdAt": "2025-11-03T22:35:11.595Z",
    "updatedAt": "2025-11-03T22:36:48.143Z"
  },
  {
    "id": "7c0549c2-20fa-4ff0-81a9-c5f0de7f481d",
    "amount": 808,
    "description": "Paying the fee for Fee for Leonard Abeka",
    "reference": "LEONARD-CLS",
    "status": "PENDING",
    "createdAt": "2025-11-03T22:45:32.012Z",
    "updatedAt": "2025-11-03T22:45:32.012Z"
  },
  {
    "id": "fd3d9292-79ab-415b-961c-630b2be44ae5",
    "amount": 626.2,
    "description": "Paying the fee for Fee for Boateng Owusu Philip",
    "reference": "BOATENG-CLS",
    "status": "PAID",
    "createdAt": "2025-11-03T22:46:30.505Z",
    "updatedAt": "2025-11-03T22:49:27.045Z"
  },
  {
    "id": "7cf80dd9-a06d-470c-be1f-3c99ee5cde7a",
    "amount": 626.2,
    "description": "Paying the fee for Fee for Boateng Owusu Philip",
    "reference": "BOATENG-CLS",
    "status": "PAID",
    "createdAt": "2025-11-03T22:56:17.784Z",
    "updatedAt": "2025-11-03T22:57:26.219Z"
  },
  {
    "id": "15c993e3-851d-4c69-bc25-974ab241d291",
    "amount": 404,
    "description": "Paying the fee for Fee for Alexander Akwasi Nyamekye",
    "reference": "ALEXANDER-CLS",
    "status": "PAID",
    "createdAt": "2025-11-03T23:02:30.783Z",
    "updatedAt": "2025-11-03T23:03:12.466Z"
  },
  {
    "id": "8aa97a32-9181-4d79-9d7f-58c5b99d4c51",
    "amount": 1333.2,
    "description": "Paying the fee for Fee for Mary Pomaa Adjei",
    "reference": "MARY-CLS",
    "status": "PAID",
    "createdAt": "2025-11-03T23:08:28.844Z",
    "updatedAt": "2025-11-03T23:09:46.436Z"
  },
  {
    "id": "fe4983cc-877f-404b-8f48-a583159a5de4",
    "amount": 404,
    "description": "Paying the fee for Fee for Daniella Akaa  Ayeboafo Larty",
    "reference": "DANIELLA-NURSERY1",
    "status": "PAID",
    "createdAt": "2025-11-03T23:13:07.395Z",
    "updatedAt": "2025-11-03T23:13:53.477Z"
  },
  {
    "id": "ae182f43-7842-4a9e-9234-c6e4049cc10c",
    "amount": 606,
    "description": "Paying the fee for Fee for Miracle Kusi Acheampong",
    "reference": "MIRACLE-CLS",
    "status": "PAID",
    "createdAt": "2025-11-03T23:19:23.068Z",
    "updatedAt": "2025-11-03T23:20:34.102Z"
  },
  {
    "id": "6b1fb8f5-0616-42b5-9ec7-808cbd36e8de",
    "amount": 404,
    "description": "Paying the fee for Fee for Bennett Manu",
    "reference": "BENNETT-CLS",
    "status": "PAID",
    "createdAt": "2025-11-03T23:40:35.864Z",
    "updatedAt": "2025-11-03T23:41:25.216Z"
  },
  {
    "id": "5834d2e4-8cae-443c-a2f4-14ea97c65d2d",
    "amount": 323.2,
    "description": "Paying the fee for Fee for Achiaa Mintah Elsie",
    "reference": "ACHIAA-KG1",
    "status": "PAID",
    "createdAt": "2025-11-04T00:05:51.352Z",
    "updatedAt": "2025-11-04T00:06:33.819Z"
  },
  {
    "id": "19623614-c211-4c7f-bbec-7b19532b0dab",
    "amount": 626.2,
    "description": "Paying the fee for Fee for Boateng Owusu Philip",
    "reference": "BOATENG-KG2",
    "status": "PENDING",
    "createdAt": "2025-11-04T00:21:49.672Z",
    "updatedAt": "2025-11-04T00:21:49.672Z"
  },
  {
    "id": "6b63cbbd-21e3-4fc3-905d-366b5aa34ec9",
    "amount": 626.2,
    "description": "Paying the fee for Fee for Boateng Owusu Philip",
    "reference": "BOATENG-KG2",
    "status": "PAID",
    "createdAt": "2025-11-04T00:22:31.504Z",
    "updatedAt": "2025-11-04T00:23:35.269Z"
  },
  {
    "id": "49187ae9-a7c0-45a0-be73-5a9c1fc3e175",
    "amount": 808,
    "description": "Paying the fee for Fee for Leonard Abeka",
    "reference": "LEONARD-CRECHE",
    "status": "PENDING",
    "createdAt": "2025-11-04T00:25:06.349Z",
    "updatedAt": "2025-11-04T00:25:06.349Z"
  },
  {
    "id": "a525189b-d9f0-4352-afc7-d2fb30d1bb71",
    "amount": 808,
    "description": "Paying the fee for Fee for Leonard Abeka",
    "reference": "LEONARD-CRECHE",
    "status": "PENDING",
    "createdAt": "2025-11-04T00:25:32.904Z",
    "updatedAt": "2025-11-04T00:25:32.904Z"
  },
  {
    "id": "c543b958-cb29-4723-be3b-7ac34176c131",
    "amount": 808,
    "description": "Paying the fee for Fee for Leonard Abeka",
    "reference": "LEONARD-CRECHE",
    "status": "PENDING",
    "createdAt": "2025-11-04T00:26:16.451Z",
    "updatedAt": "2025-11-04T00:26:16.451Z"
  },
  {
    "id": "54b0f2c6-b394-4558-ba2e-0b871e3a993b",
    "amount": 808,
    "description": "Paying the fee for Fee for Leonard Abeka",
    "reference": "LEONARD-CRECHE",
    "status": "PENDING",
    "createdAt": "2025-11-04T00:26:39.365Z",
    "updatedAt": "2025-11-04T00:26:39.365Z"
  },
  {
    "id": "33346a79-f8bc-4c10-bdaa-0f95f9ac2937",
    "amount": 252.5,
    "description": "Paying the fee for Fee for Edward Badu Poku Ahekan",
    "reference": "EDWARD-CRECHE",
    "status": "PENDING",
    "createdAt": "2025-11-04T00:26:59.426Z",
    "updatedAt": "2025-11-04T00:26:59.426Z"
  },
  {
    "id": "82fe21bf-04c4-466c-a7f2-e885120c4ec2",
    "amount": 252.5,
    "description": "Paying the fee for Fee for Edward Badu Poku Ahekan",
    "reference": "EDWARD-CRECHE",
    "status": "PENDING",
    "createdAt": "2025-11-04T00:29:18.036Z",
    "updatedAt": "2025-11-04T00:29:18.036Z"
  },
  {
    "id": "4c61c585-cf41-4fba-b75f-ebbf3ec19591",
    "amount": 252.5,
    "description": "Paying the fee for Fee for Edward Badu Poku Ahekan",
    "reference": "EDWARD-CRECHE",
    "status": "PENDING",
    "createdAt": "2025-11-04T00:30:20.085Z",
    "updatedAt": "2025-11-04T00:30:20.085Z"
  },
  {
    "id": "d6fba4fc-200a-46f8-8d1e-5a78d3e44bc9",
    "amount": 252.5,
    "description": "Paying the fee for Fee for Edward Badu Poku Ahekan",
    "reference": "FEE-CRECHE",
    "status": "PENDING",
    "createdAt": "2025-11-04T00:37:57.264Z",
    "updatedAt": "2025-11-04T00:37:57.264Z"
  },
  {
    "id": "0537d7aa-2cf7-45c7-b890-3d857a9d1e3e",
    "amount": 252.5,
    "description": "Paying the fee for Fee for Edward Badu Poku Ahekan",
    "reference": "FEE-CRECHE",
    "status": "PENDING",
    "createdAt": "2025-11-04T00:40:35.983Z",
    "updatedAt": "2025-11-04T00:40:35.983Z"
  },
  {
    "id": "a340dc3c-7bd1-4b79-ac95-0d328d936c6f",
    "amount": 252.5,
    "description": "Paying the fee for Fee for Edward Badu Poku Ahekan",
    "reference": "FEE-CRECHE",
    "status": "PENDING",
    "createdAt": "2025-11-04T00:42:23.285Z",
    "updatedAt": "2025-11-04T00:42:23.285Z"
  },
  {
    "id": "7c1f0915-d528-42db-910d-a1995a46f238",
    "amount": 252.5,
    "description": "Paying the fee for Fee for Edward Badu Poku Ahekan",
    "reference": "FEE-CRECHE",
    "status": "PENDING",
    "createdAt": "2025-11-04T00:42:46.825Z",
    "updatedAt": "2025-11-04T00:42:46.825Z"
  },
  {
    "id": "3aab8f0a-966a-4955-9cca-20f6cdead443",
    "amount": 252.5,
    "description": "Paying the fee for Fee for Edward Badu Poku Ahekan",
    "reference": "FEE-CRECHE",
    "status": "PENDING",
    "createdAt": "2025-11-04T00:43:19.794Z",
    "updatedAt": "2025-11-04T00:43:19.794Z"
  },
  {
    "id": "0a1d5bf4-c3bc-4b81-a752-b657e3115a11",
    "amount": 252.5,
    "description": "Paying the fee for Fee for Edward Badu Poku Ahekan",
    "reference": "FEE-CRECHE",
    "status": "PENDING",
    "createdAt": "2025-11-04T00:43:30.686Z",
    "updatedAt": "2025-11-04T00:43:30.686Z"
  },
  {
    "id": "78cb1899-f5e9-42a3-944b-d41399971fe1",
    "amount": 252.5,
    "description": "Paying the fee for Fee for Edward Badu Poku Ahekan",
    "reference": "FEE-CRECHE",
    "status": "PENDING",
    "createdAt": "2025-11-04T00:44:11.715Z",
    "updatedAt": "2025-11-04T00:44:11.715Z"
  },
  {
    "id": "e7602b70-4025-4f2d-b56f-f2fffb6ebf9b",
    "amount": 252.5,
    "description": "Paying the fee for Fee for Edward Badu Poku Ahekan",
    "reference": "FEE-CRECHE",
    "status": "PENDING",
    "createdAt": "2025-11-04T00:46:42.974Z",
    "updatedAt": "2025-11-04T00:46:42.974Z"
  },
  {
    "id": "6a7e07cd-9b3c-4d08-9482-ed1ba59e9677",
    "amount": 252.5,
    "description": "Paying the fee for Fee for Edward Badu Poku Ahekan",
    "reference": "FEE-CRECHE",
    "status": "PENDING",
    "createdAt": "2025-11-04T00:48:14.816Z",
    "updatedAt": "2025-11-04T00:48:14.816Z"
  },
  {
    "id": "e3f5734b-485a-438c-874f-e71229895554",
    "amount": 252.5,
    "description": "Paying the fee for Fee for Edward Badu Poku Ahekan",
    "reference": "FEE-CRECHE",
    "status": "PENDING",
    "createdAt": "2025-11-04T00:56:55.043Z",
    "updatedAt": "2025-11-04T00:56:55.043Z"
  },
  {
    "id": "03bd6d90-7021-47e0-8477-9f3122b9b543",
    "amount": 252.5,
    "description": "Paying the fee for Fee for Edward Badu Poku Ahekan",
    "reference": "FEE-CRECHE",
    "status": "PENDING",
    "createdAt": "2025-11-04T00:59:55.274Z",
    "updatedAt": "2025-11-04T00:59:55.274Z"
  },
  {
    "id": "2363416b-ba69-4555-a77a-1838929ad0ca",
    "amount": 252.5,
    "description": "Paying the fee for Fee for Edward Badu Poku Ahekan",
    "reference": "EDWARD-CRECHE",
    "status": "PENDING",
    "createdAt": "2025-11-04T01:02:46.849Z",
    "updatedAt": "2025-11-04T01:02:46.849Z"
  },
  {
    "id": "9621c61d-d82e-4655-a18c-1d64db55ba7d",
    "amount": 252.5,
    "description": "Paying the fee for Fee for Edward Badu Poku Ahekan",
    "reference": "EDWARD-CRECHE",
    "status": "PENDING",
    "createdAt": "2025-11-04T01:11:58.278Z",
    "updatedAt": "2025-11-04T01:11:58.278Z"
  },
  {
    "id": "55e53ba4-73ef-4048-846f-64b134686e18",
    "amount": 252.5,
    "description": "Paying the fee for Fee for Edward Badu Poku Ahekan",
    "reference": "EDWARD-CRECHE",
    "status": "PAID",
    "createdAt": "2025-11-04T01:18:39.068Z",
    "updatedAt": "2025-11-04T01:19:49.216Z"
  },
  {
    "id": "23b90ea5-8283-4f25-8e1f-3bcb22b1a5eb",
    "amount": 454.5,
    "description": "Paying the fee for Fee for Samuel Asiedu Kuffour",
    "reference": "SAMUEL-BS3",
    "status": "PAID",
    "createdAt": "2025-11-04T01:20:53.992Z",
    "updatedAt": "2025-11-04T01:21:37.158Z"
  },
  {
    "id": "0c95a208-b9f4-402e-8a92-5853abfa7f13",
    "amount": 323.2,
    "description": "Paying the fee for Fee for Achiaa Mintah Elsie",
    "reference": "ACHIAA-KG1",
    "status": "PAID",
    "createdAt": "2025-11-04T01:31:12.070Z",
    "updatedAt": "2025-11-04T01:32:57.559Z"
  },
  {
    "id": "57754089-6f82-4214-ab90-ee61a8d50078",
    "amount": 252.5,
    "description": "Paying the fee for Fee for Edward Badu Poku Ahekan",
    "reference": "EDWARD-CRECHE",
    "status": "PAID",
    "createdAt": "2025-11-04T01:36:43.962Z",
    "updatedAt": "2025-11-04T01:37:32.864Z"
  },
  {
    "id": "2a8ad280-777a-4282-84cb-be8aa2e4c51e",
    "amount": 606,
    "description": "Paying the fee for Fee for Miracle Kusi Acheampong",
    "reference": "MIRACLE-BS3",
    "status": "PAID",
    "createdAt": "2025-11-04T01:39:15.745Z",
    "updatedAt": "2025-11-04T01:39:54.905Z"
  },
  {
    "id": "64156cce-14ca-4050-be71-6815f561b29c",
    "amount": 151.5,
    "description": "Paying the fee for Fee for Agnes Osei Bonsu",
    "reference": "AGNES-NURSERY1",
    "status": "PAID",
    "createdAt": "2025-11-04T02:01:41.234Z",
    "updatedAt": "2025-11-04T02:02:18.223Z"
  },
  {
    "id": "1cbc186e-f616-4b85-bc22-b01abb2baf53",
    "amount": 626.2,
    "description": "Paying the fee for Fee for Boateng Owusu Philip",
    "reference": "BOATENG-KG2",
    "status": "PENDING",
    "createdAt": "2025-11-04T06:27:13.827Z",
    "updatedAt": "2025-11-04T06:27:13.827Z"
  },
  {
    "id": "4d1b5f2c-e886-4121-be48-905bef1dc74d",
    "amount": 626.2,
    "description": "Paying the fee for Fee for Boateng Owusu Philip",
    "reference": "BOATENG-KG2",
    "status": "PENDING",
    "createdAt": "2025-11-04T06:27:25.118Z",
    "updatedAt": "2025-11-04T06:27:25.118Z"
  },
  {
    "id": "dfad6666-2ad1-4558-bf4c-dbc11a98b285",
    "amount": 626.2,
    "description": "Paying the fee for Fee for Boateng Owusu Philip",
    "reference": "BOATENG-KG2",
    "status": "PAID",
    "createdAt": "2025-11-04T06:28:06.132Z",
    "updatedAt": "2025-11-04T06:28:30.969Z"
  },
  {
    "id": "b6811aba-50b3-40d5-83cc-13202e528697",
    "amount": 252.5,
    "description": "Paying the fee for Fee for Edward Badu Poku Ahekan",
    "reference": "EDWARD-CRECHE",
    "status": "PENDING",
    "createdAt": "2025-11-04T06:29:25.475Z",
    "updatedAt": "2025-11-04T06:29:25.475Z"
  },
  {
    "id": "3507e55d-675a-4fe1-9a33-581657f375e1",
    "amount": 252.5,
    "description": "Paying the fee for Fee for Edward Badu Poku Ahekan",
    "reference": "EDWARD-CRECHE",
    "status": "PENDING",
    "createdAt": "2025-11-04T06:40:06.006Z",
    "updatedAt": "2025-11-04T06:40:06.006Z"
  },
  {
    "id": "d0f5ea35-20cd-4077-b72f-db9647f56807",
    "amount": 252.5,
    "description": "Paying the fee for Fee for Edward Badu Poku Ahekan",
    "reference": "EDWARD-CRECHE",
    "status": "PENDING",
    "createdAt": "2025-11-04T06:40:56.644Z",
    "updatedAt": "2025-11-04T06:40:56.644Z"
  },
  {
    "id": "a2662a51-757a-402e-a698-6c55cfab886a",
    "amount": 252.5,
    "description": "Paying the fee for Fee for Edward Badu Poku Ahekan",
    "reference": "EDWARD-CRECHE",
    "status": "PENDING",
    "createdAt": "2025-11-04T06:45:00.223Z",
    "updatedAt": "2025-11-04T06:45:00.223Z"
  },
  {
    "id": "471f5f23-0321-4e4d-9750-fffb8101db16",
    "amount": 252.5,
    "description": "Paying the fee for Fee for Edward Badu Poku Ahekan",
    "reference": "EDWARD-CRECHE",
    "status": "PENDING",
    "createdAt": "2025-11-04T06:45:38.642Z",
    "updatedAt": "2025-11-04T06:45:38.642Z"
  },
  {
    "id": "bcc9abe0-6aa5-421a-ba2c-71e8f5b13ddc",
    "amount": 878.7,
    "description": "Paying the fee for Fee for Benjamin Animg Amankwaah",
    "reference": "BENJAMIN-KG2",
    "status": "PENDING",
    "createdAt": "2025-11-04T06:46:43.473Z",
    "updatedAt": "2025-11-04T06:46:43.473Z"
  }
]